profile,if_noise,sigma2,snr_est_db,converged,total,cycles,decoded_bytes,ber_byte,exact,tx_time_s,total_time_s
HIGH2X,0.3,0.0178,17.49579997691106,69,70,8,10020,0.0,1,0.06828880310058594,2.6232757568359375
HIGH2X,0.4,0.0204,16.90369832574101,69,70,8,10020,0.0,1,0.06828880310058594,2.712287425994873
HIGH2X,0.5,0.0731,11.360826230421395,36,70,8,10020,0.5027,0,0.06828880310058594,2.864619016647339
HIGH+2X,0.3,0.4272,3.693687559795,68,69,7,10020,0.0,1,0.05573868751525879,2.408977508544922
HIGH+2X,0.4,0.4296,3.669357273085008,68,69,7,10020,0.0,1,0.05573868751525879,2.469060182571411
HIGH+2X,0.5,0.4272,3.693687559795,1,69,7,0,1.0,0,0.05573868751525879,2.78515625
HIGH++2X,0.3,0.0532,12.740883677049519,58,69,6,10020,0.0,1,0.04931044578552246,2.334819793701172
HIGH++2X,0.4,0.0709,11.493537648169333,47,57,5,10020,0.155,0,0.04931044578552246,2.358383893966675
HIGH++2X,0.5,0.1387,8.579235389267152,0,57,5,0,1.0,0,0.04931044578552246,2.5864357948303223
