{
  "recording": "C:\\git\\NewModem\\results\\apsk16_ftn\\ota\\result3_cascade_ota.wav",
  "results": [
    {
      "profile": "MEGA",
      "rs": 1500.0,
      "beta": 0.2,
      "tau": 0.9375,
      "mod": "16-APSK",
      "ber": 0.194625,
      "ser": 0.603,
      "gmi": 1.5283136656580236,
      "gmi_max": 4,
      "evm": 0.28055606507424113,
      "snr_db": 6.897756475288244,
      "n_processed": 2382,
      "clip_diagnostic": {
        "clipping_suspected": true,
        "reasons": [
          "ring ratio mesure 2.25 vs 2.85 ideal (ecart 20.9%) -> compression/clipping TX probable"
        ],
        "gamma_ideal": 2.8500000000000005,
        "gamma_measured": 2.253691244951741,
        "gamma_error_pct": 20.923114212219627,
        "envelope_p50": 0.8585493879016535,
        "envelope_p99": 1.6721825318150898,
        "envelope_p99_over_p50": 1.9476835641360188,
        "evm_inner": 0.2667337479206256,
        "evm_outer": 0.2898211349870133,
        "evm_outer_over_inner": 1.0865559279482626
      }
    },
    {
      "profile": "HIGH",
      "rs": 1500.0,
      "beta": 0.2,
      "tau": 1.0,
      "mod": "16-APSK",
      "ber": 0.0,
      "ser": 0.0,
      "gmi": 3.9944395727437105,
      "gmi_max": 4,
      "evm": 0.09839208589038213,
      "snr_db": 13.908966187083195,
      "n_processed": 2382,
      "clip_diagnostic": {
        "clipping_suspected": false,
        "reasons": [],
        "gamma_ideal": 2.8500000000000005,
        "gamma_measured": 2.828723511988515,
        "gamma_error_pct": 0.7465434389994995,
        "envelope_p50": 1.0752472528878507,
        "envelope_p99": 1.2535213989777105,
        "envelope_p99_over_p50": 1.1657982809173044,
        "evm_inner": 0.09674051544247593,
        "evm_outer": 0.09847616142834846,
        "evm_outer_over_inner": 1.0179412522037323
      }
    },
    {
      "profile": "NORMAL",
      "rs": 1500.0,
      "beta": 0.2,
      "tau": 1.0,
      "mod": "8PSK",
      "ber": 0.0,
      "ser": 0.0,
      "gmi": 2.9999505923323513,
      "gmi_max": 3,
      "evm": 0.09575954862248491,
      "snr_db": 13.884585027355547,
      "n_processed": 2382,
      "clip_diagnostic": {
        "clipping_suspected": false,
        "reasons": [],
        "envelope_p50": 0.9857845154829598,
        "envelope_p99": 1.1338729518388642,
        "envelope_p99_over_p50": 1.1502239424843799
      }
    },
    {
      "profile": "ROBUST",
      "rs": 1000.0,
      "beta": 0.25,
      "tau": 1.0,
      "mod": "QPSK",
      "ber": 0.0,
      "ser": 0.0,
      "gmi": 2.0,
      "gmi_max": 2,
      "evm": 0.026864790205481787,
      "snr_db": 24.694904173834892,
      "n_processed": 2382,
      "clip_diagnostic": {
        "clipping_suspected": false,
        "reasons": [],
        "envelope_p50": 1.0005776522671854,
        "envelope_p99": 1.0420022317056583,
        "envelope_p99_over_p50": 1.0414006642509053
      }
    },
    {
      "profile": "ULTRA",
      "rs": 500.0,
      "beta": 0.25,
      "tau": 1.0,
      "mod": "QPSK",
      "ber": 0.0,
      "ser": 0.0,
      "gmi": 2.0,
      "gmi_max": 2,
      "evm": 0.02475573787103168,
      "snr_db": 33.50031045837904,
      "n_processed": 2382,
      "clip_diagnostic": {
        "clipping_suspected": false,
        "reasons": [],
        "envelope_p50": 0.9990502519505373,
        "envelope_p99": 1.0427721954552636,
        "envelope_p99_over_p50": 1.0437635078109073
      }
    }
  ]
}