profile,if_noise,sigma2,snr_est_db,sigma2_radial,sigma2_tangential,ratio_rt,converged,total,cycles,decoded_bytes,ber_byte,exact,tx_time_s,total_time_s
HIGH++,0.0,0.0073,21.366771398795443,,,,68,69,38,10020,0.0,1,0.07967662811279297,6.262848615646362
HIGH++,0.3,0.0074,21.307682802690238,,,,68,69,38,10020,0.0,1,0.07967662811279297,7.534180641174316
HIGH++,0.45,0.0266,15.75118363368933,,,,26,69,38,5616,0.3881790564689064,0,0.07967662811279297,21.556469440460205
HIGH++,0.55,0.2127,6.722325100972711,,,,0,57,32,0,1.0,0,0.07967662811279297,21.037955045700073
