{
  "sample_rate": 48000,
  "freqs": [
    100.0,
    150.0,
    200.0,
    250.0,
    300.0,
    350.0,
    400.0,
    450.0,
    500.0,
    550.0,
    600.0,
    650.0,
    700.0,
    750.0,
    800.0,
    850.0,
    900.0,
    950.0,
    1000.0,
    1050.0,
    1100.0,
    1150.0,
    1200.0,
    1250.0,
    1300.0,
    1350.0,
    1400.0,
    1450.0,
    1500.0,
    1550.0,
    1600.0,
    1650.0,
    1700.0,
    1750.0,
    1800.0,
    1850.0,
    1900.0,
    1950.0,
    2000.0,
    2050.0,
    2100.0,
    2150.0,
    2200.0,
    2250.0,
    2300.0,
    2350.0,
    2400.0,
    2450.0,
    2500.0,
    2550.0,
    2600.0,
    2650.0,
    2700.0,
    2750.0,
    2800.0,
    2850.0,
    2900.0,
    2950.0,
    3000.0,
    3050.0,
    3100.0,
    3150.0,
    3200.0,
    3250.0,
    3300.0,
    3350.0,
    3400.0,
    3450.0,
    3500.0,
    3550.0,
    3600.0,
    3650.0,
    3700.0,
    3750.0,
    3800.0,
    3850.0,
    3900.0,
    3950.0,
    4000.0
  ],
  "amplitude_per_tone": 0.032705727190754694,
  "pilot_freq": 1000.0,
  "pilot_amplitude": 0.3,
  "multitone_duration": 5.0,
  "n_blocks": 2,
  "phases": [
    [
      2.353304971691044,
      5.9735141613602165,
      4.599253580133889,
      3.761482191925223,
      0.980294029274052,
      0.9801424781769557,
      0.3649500985631483,
      5.442345232562516,
      3.776917009710014,
      4.448951217224888,
      0.12933619211510794,
      6.094123332392967,
      5.230391369746984,
      1.3341659803533248,
      1.1424399624340646,
      1.152364521581569,
      1.9116103907867292,
      3.297141901079666,
      2.713990594641554,
      1.8298466547148808,
      3.844385118274953,
      0.8764657756906659,
      1.8355989632476268,
      2.3019193508941536,
      2.865572223878106,
      4.933406064175189,
      1.2545873742863833,
      3.23103026788615,
      3.7222505148331146,
      0.29185655071471744,
      3.8173168869197154,
      1.0714346684716647,
      0.4087312132537349,
      5.962023665865352,
      6.067245002356024,
      5.0793103400482895,
      1.9139447588347167,
      0.6136919916460806,
      4.299162898868205,
      2.7655596815831176,
      0.7667888440908461,
      3.1112882860657196,
      0.21606945060677518,
      5.713428589860037,
      1.62596257818143,
      4.162750282731995,
      1.9585384533701249,
      3.267683749398383,
      3.435081994453742,
      1.1614747989246739,
      6.092079887237463,
      4.870303166855185,
      5.903045945746886,
      5.622366060669442,
      3.756716362028796,
      5.792306648564669,
      0.55601478868818,
      1.2313966416109714,
      0.28417143716625903,
      2.0441107542316175,
      2.442131435811337,
      1.7049362495591496,
      5.20711134101201,
      2.241547260568599,
      1.765163583547452,
      3.4098600559638177,
      0.8854530197870991,
      5.040352282937607,
      0.46841550900951673,
      6.200793499895842,
      4.852156987991047,
      1.24856745052169,
      0.03469648517554339,
      5.123695265839092,
      4.441315677135337,
      4.580487127063731,
      4.84603451016044,
      0.465236267850866,
      2.2523065987167996
    ],
    [
      0.7280267723650119,
      5.423038764037894,
      3.9162976324754704,
      2.079093607928911,
      0.39934889266571716,
      1.9539595545964439,
      2.043187071098305,
      4.584250819761173,
      4.005891736501645,
      5.574522068498079,
      2.9670138796084675,
      0.7514328089027592,
      4.481449167501952,
      4.780153439391597,
      3.5266086410235924,
      4.844129657408177,
      3.1026092358267214,
      3.2844272331533584,
      2.6863194447670367,
      0.15971308367983456,
      0.6779018288549695,
      0.1974753977235076,
      3.998684545388703,
      1.9751568815227998,
      3.1954438943882275,
      5.702408334261213,
      1.5663492713822575,
      2.5785119523348796,
      4.747267812516491,
      1.4375812717266057,
      0.48367903838428156,
      1.820562071681725,
      1.01298322327894,
      5.84146262931821,
      5.077570095311535,
      3.979793176418649,
      5.475548376053519,
      5.0496205853630185,
      1.1722542527523705,
      5.608113585103155,
      3.3887872499457146,
      5.073296119353643,
      5.630307689570748,
      1.9980747615752663,
      0.6914766352191354,
      1.4321588642731187,
      2.683597382078458,
      5.139738358300157,
      5.408129754156373,
      0.04368152440717204,
      3.2091199472369674,
      2.6226706820395003,
      1.3955445313595205,
      0.7531363148706798,
      2.121298684444193,
      5.924476397620194,
      2.0307439137101717,
      3.2596576120404803,
      4.417198393198871,
      2.284752174925135,
      6.105886903932717,
      6.047234702515011,
      1.581994821737872,
      3.1243045062400383,
      1.8904741754897547,
      1.789705609162274,
      0.23176752564470737,
      3.830005667043198,
      3.1584254529789684,
      0.32345053348588587,
      1.750787369989019,
      5.706802869718128,
      1.5052117515988837,
      0.9104013314092384,
      3.0753223919344763,
      6.193024451282613,
      1.520878125486425,
      4.223152195893724,
      4.785397176693166
    ]
  ],
  "rng_seed": 42
}